Use Hotel;

INSERT INTO Amenity (AmenityType) VALUES
('Microwave'),
('Refrigerator'),
('Jacuzzi'),
('Oven');

INSERT INTO Room (RoomNumber, RoomType, IsAda, StandardOccupancy, MaximumOccupancy, BasePrice, ExtraPerson) VALUES
(201,'Double',0,2,4,199.99,10.00),
(202,'Double',1,2,4,174.99,10.00),
(203,'Double',0,2,4,199.99,10.00),
(204,'Double',1,2,4,174.99,10.00),
(205,'Single',0,2,2,174.99,10.00),
(206,'Single',1,2,2,149.99,0.00),
(207,'Single',0,2,2,174.99,0.00),
(208,'Single',1,2,2,149.99,0.00),
(301,'Double',0,2,4,199.99,10.00),
(302,'Double',1,2,4,174.99,10.00),
(303,'Double',0,2,4,199.99,10.00),
(304,'Double',1,2,4,174.99,10.00),
(305,'Single',0,2,2,174.99,0.00),
(306,'Single',1,2,2,149.99,0.00),
(307,'Single',0,2,2,174.99,0.00),
(308,'Single',1,2,2,149.99,0.00),
(401,'Suite',1,3,8,399.99,20.00),
(402,'Suite',1,3,8,399.99,20.00);

INSERT INTO RoomAmenity (RoomNumber, AmenityId) VALUES
(201,1),
(201,3),
(202,2),
(203,1),
(203,3),
(204,2),
(205,1),
(205,2),
(205,3),
(206,1),
(206,2),
(207,1),
(207,2),
(207,3),
(208,1),
(208,2),
(301,1),
(301,3),
(302,2),
(303,1),
(303,2),
(304,2),
(305,1),
(305,2),
(305,3),
(306,1),
(306,2),
(307,1),
(307,2),
(307,3),
(308,1),
(308,2),
(401,1),
(401,2),
(401,4),
(402,1),
(402,2),
(402,4);

INSERT INTO Guest(FirstName, LastName, Street, City, State, Zip, Phone) VALUES
('Ashley','Chea','123 LalaLand Rd','Joyville','ND','10219','(555) 123-4567'),
('Mark','Simmer','379 Old Shore Street','Council Bluff', 'IA', '51501','(291) 553-0508'),
('Bettyann','Seery','750 Wintergreen Dr.','Wasilla','AK','99654','(478) 277-9632'),
('Duane','Cullison','9662 Foxrun Lane','Harlingen','TX','78552','(308) 494-0198'),
('Karie','Yang','9378 W. Augusta Ave.','West Deptford','NJ','08096','(214) 730-0298'),
('Aurore','Lipton','762 Wild Rose Street','Saginaw','MI','48601','(377) 507-0974'),
('Zachery','Luechtefield','7 Poplar Dr.','Arvada','CO','80003','(814) 485-2615'),
('Jeremiah','Pendergrass','70 Oakwood St.','Zion','IL','60099','(279) 491-0960'),
('Walter','Holaway','7556 Arrowhead St.','Cumberland','RI','02864','(446) 396-6785'),
('Wilfred','Vise','77 West Surrey Street','Oswego','NY','13126','(834) 727-1001'),
('Maritza','Tilton','939 Linda Rd.','Burke','VA','22015','(446) 351-6860'),
('Joleen','Tison','87 Queen St.','Drexel Hill','PA','19026','(231) 893-2755');

INSERT INTO Reservation (Adults, Children, StartDate, EndDate, TotalRoomCost) VALUES
(1,0,'2023-02-02','2023-02-04','299.98'),
(2,1,'2023-02-05','2023-02-10','999.95'),
(2,0,'2023-02-22','2023-02-24','349.98'),
(2,2,'2023-03-06','2023-03-07','199.99'),
(1,1,'2023-03-17','2023-03-20','524.97'),
(3,0,'2023-03-18','2023-03-23','924.95'),
(2,2,'2023-03-29','2023-03-31','349.98'),
(2,0,'2023-03-31','2023-04-05','874.95'),
(1,0,'2023-04-09','2023-04-13','799.96'),
(1,1,'2023-04-23','2023-04-24','174.99'),
(2,4,'2023-05-30','2023-06-02','1199.97'),
(2,0,'2023-06-10','2023-06-14','599.96'),
(1,0,'2023-06-10','2023-06-14','599.96'),
(3,0,'2023-06-17','2023-06-18','184.99'),
(2,0,'2023-06-28','2023-07-02','699.96'),
(3,1,'2023-07-13','2023-07-14','184.99'),
(4,2,'2023-07-18','2023-07-21','1259.97'),
(2,1,'2023-07-28','2023-07-29','199.99'),
(1,0,'2023-08-30','2023-09-01','349.98'),
(2,0,'2023-09-16','2023-09-17','149.99'),
(2,2,'2023-09-13','2023-09-15','399.98'),
(2,2,'2023-11-22','2023-11-25','1199.97'),
(2,0,'2023-11-22','2023-11-25','449.97'),
(2,2,'2023-11-22','2023-11-25','599.97'),
(2,0,'2023-12-24','2023-12-28','699.96');

INSERT INTO GuestReservation (GuestID, ReservationId) VALUES
(2,1),
(3,2),
(4,3),
(5,4),
(1,5),
(6,6),
(7,7),
(8,8),
(9,9),
(10,10),
(11,11),
(12,12),
(12,13),
(6,14),
(1,15),
(8,16),
(10,17),
(3,18),
(3,19),
(2,20),
(5,21),
(4,22),
(2,23),
(2,24),
(11,25);

INSERT INTO
